,CLASSIFICATION,CLASSIFICATION_CODE,Area,bachelor_leased_q4,bachelor_avg_lease_rate_q4,1_bedroom_leased_q4,1_bedroom_avg_lease_rate_q4,2_bedrooms_leased_q4,2_bedrooms_avg_lease_rate_q4,3_bedrooms_leased_q4,3_bedrooms_avg_lease_rate_q4,bachelor_leased_q3,bachelor_avg_lease_rate_q3,1_bedroom_leased_q3,1_bedroom_avg_lease_rate_q3,2_bedrooms_leased_q3,2_bedrooms_avg_lease_rate_q3,3_bedrooms_leased_q3,3_bedrooms_avg_lease_rate_q3,bachelor_leased_q2,bachelor_avg_lease_rate_q2,1_bedroom_leased_q2,1_bedroom_avg_lease_rate_q2,2_bedrooms_leased_q2,2_bedrooms_avg_lease_rate_q2,3_bedrooms_leased_q2,3_bedrooms_avg_lease_rate_q2,bachelor_leased_q1,bachelor_avg_lease_rate_q1,1_bedroom_leased_q1,1_bedroom_avg_lease_rate_q1,2_bedrooms_leased_q1,2_bedrooms_avg_lease_rate_q1,3_bedrooms_leased_q1,3_bedrooms_avg_lease_rate_q1,area_sq_meters,perimeter_meters,park_count,ASSAULT_2022,ASSAULT_RATE_2022,AUTOTHEFT_2022,AUTOTHEFT_RATE_2022,BIKETHEFT_2022,BIKETHEFT_RATE_2022,BREAKENTER_2022,BREAKENTER_RATE_2022,HOMICIDE_2022,HOMICIDE_RATE_2022,ROBBERY_2022,ROBBERY_RATE_2022,SHOOTING_2022,SHOOTING_RATE_2022,THEFTFROMMV_2022,THEFTFROMMV_RATE_2022,THEFTOVER_2022,THEFTOVER_RATE_2022,total_stop_count,avg_stop_frequency,max_stop_frequency,total_line_length_meters,transit_line_density,distinct_route_count
0,Neighbourhood Improvement Area,NIA,Toronto E04,0,0,12,2095,15,2545,3,2683,0,0,22,2170,22,2509,2,2725,0,0,17,1903,20,2411,0,0,0,0,13,1890,25,2275,2,2400,0.000400112291548,0.0813556404377031,8,224,1231.51354980469,53,291.384918212891,8.0,43.9826278686523,43,236.406616210938,,,26.0,142.943542480469,3.0,16.4934844970703,95,522.293701171875,5.0,27.4891414642334,72,509.4583333333333,3218,2.5075274279857283,2.506524536709524,29
1,Emerging Neighbourhood,EN,Toronto W05,3,1888,33,2314,17,2614,3,2933,0,0,73,2313,45,2652,3,3467,2,1600,98,2137,61,2507,0,0,7,1557,24,2022,12,2386,2,2775,0.0004102329276689,0.121759326101778,13,88,320.396118164063,84,305.832672119141,4.0,14.5634603500366,31,112.866813659668,,,14.0,50.972110748291,,,137,498.798522949219,11.0,40.0495147705078,36,473.8333333333333,716,0.7386626182776411,0.7383597188085215,8
2,Not an NIA or Emerging Neighbourhood,,Toronto C08,103,2151,657,2523,312,3419,17,4221,172,2131,1159,2533,287,3456,57,4461,193,1820,1208,2245,682,3059,63,3779,100,1728,943,2134,430,2980,31,3504,9.024360837777196e-05,0.0423642726248316,9,539,2594.46459960938,44,211.793014526367,175.0,842.358581542969,110,529.482543945313,,,76.0,365.824310302734,3.0,14.4404335021973,81,389.891693115234,19.0,91.4560775756836,27,533.1481481481482,1259,0.5647055599478332,0.5646546034789282,15
3,Neighbourhood Improvement Area,NIA,Toronto W05,3,1888,33,2314,17,2614,3,2933,0,0,73,2313,45,2652,3,3467,2,1600,98,2137,61,2507,0,0,7,1557,24,2022,12,2386,2,2775,0.0005757884638886,0.1234441539694844,20,271,855.888549804688,155,489.530364990234,5.0,15.7913017272949,34,107.380851745605,3.0,9.47478103637695,29.0,91.5895538330078,9.0,28.4243431091309,81,255.819091796875,11.0,34.7408638000488,76,399.1184210526316,1141,1.5377619387300658,1.536877022669997,12
4,Not an NIA or Emerging Neighbourhood,,Toronto C15,11,2018,284,2463,137,3005,13,4112,17,2000,433,2380,209,3042,20,3788,7,1793,345,2189,151,2789,8,3306,12,1681,380,2054,181,2610,16,3099,0.0004711586481089,0.0884970426216644,14,116,401.550811767578,70,242.315155029297,4.0,13.8465795516968,31,107.310997009277,,,29.0,100.387702941895,2.0,6.92328977584839,80,276.931610107422,11.0,38.0780944824219,55,362.6,1046,1.4249810753024863,1.4243099993287147,15
5,Not an NIA or Emerging Neighbourhood,,Toronto E10,0,0,5,2150,3,2500,1,2950,0,0,8,2141,5,2980,1,3200,0,0,5,1965,4,2199,0,0,0,0,12,1850,5,2110,0,0,0.0005870159819784,0.1111307936943024,8,60,439.657073974609,44,322.415191650391,3.0,21.982852935791,14,102.586647033691,,,2.0,14.6552352905273,,,35,256.466613769531,2.0,14.6552352905273,56,367.6607142857143,1210,1.098504200612343,1.097859739399345,13
6,Not an NIA or Emerging Neighbourhood,,Toronto C14,5,2130,261,2514,204,3124,19,3804,8,2029,360,2420,256,3076,22,3759,8,1828,273,2237,228,2890,11,3529,5,1768,229,2081,174,2716,7,3150,5.275241670204878e-05,0.0468552166092367,6,74,337.992156982422,42,191.833374023438,30.0,137.023849487305,17,77.646842956543,,,9.0,41.1071510314941,,,71,324.289764404297,12.0,54.8095359802246,12,329.6666666666667,874,0.3242389640346258,0.3242218605479343,9
7,Not an NIA or Emerging Neighbourhood,,Toronto W02,3,1867,42,2383,13,3264,6,3486,3,1825,82,2277,61,2945,1,4300,2,1613,69,2176,29,2796,0,0,0,0,30,2092,22,2957,1,3750,0.0002481541778932,0.0825913792875547,19,138,541.728820800781,47,184.501846313477,34.0,133.469421386719,56,219.831985473633,,,20.0,78.5114212036133,3.0,11.7767133712769,63,247.310989379883,8.0,31.4045696258545,61,320.0163934426229,847,1.4497619263327337,1.449402251108673,9
8,Not an NIA or Emerging Neighbourhood,,Toronto C08,103,2151,657,2523,312,3419,17,4221,172,2131,1159,2533,287,3456,57,4461,193,1820,1208,2245,682,3059,63,3779,100,1728,943,2134,430,2980,31,3504,0.0001270240860146,0.0789653473550408,17,265,850.585754394531,27,86.663459777832,92.0,295.297698974609,58,186.165939331055,,,31.0,99.5024871826172,3.0,9.62927341461182,60,192.585464477539,15.0,48.1463661193848,15,590.6,1037,0.2257045249100818,0.2256758586404024,5
9,Not an NIA or Emerging Neighbourhood,,Toronto C13,2,1965,37,2320,43,2950,4,3488,1,1800,47,2303,48,2899,4,2875,2,1925,34,2079,44,2732,7,3343,1,1700,43,1961,35,2447,4,2763,0.0003706995865721,0.1154747579276692,10,103,467.565490722656,37,167.960418701172,3.0,13.6184120178223,11,49.9341773986816,,,9.0,40.8552360534668,3.0,13.6184120178223,59,267.828765869141,2.0,9.07894134521484,48,319.7083333333333,836,0.6925455279135905,0.6922888967057931,11
10,Not an NIA or Emerging Neighbourhood,,Toronto E03,1,1495,27,1816,5,2283,0,0,6,1620,18,1779,9,2664,2,3125,3,1532,15,1812,8,2200,0,0,2,1523,9,1776,7,2143,2,2388,0.0002624534893918,0.0841883910502298,5,68,712.191040039063,22,230.414749145508,7.0,73.3137817382813,22,230.414749145508,,,7.0,73.3137817382813,2.0,20.9467945098877,27,282.78173828125,1.0,10.4733972549438,58,301.2068965517241,1227,0.3736820567821307,0.3735840083555568,9
11,Not an NIA or Emerging Neighbourhood,,Toronto C09,0,0,19,2932,23,4017,1,6300,0,0,25,2709,26,3925,3,5757,0,0,22,2559,24,4234,2,4325,1,1500,14,2636,16,3603,2,4500,0.0003455488563166,0.1206964276701942,9,54,311.526489257813,64,369.216583251953,12.0,69.2281036376953,28,161.532241821289,,,4.0,23.0760364532471,1.0,5.76900911331177,44,253.836395263672,6.0,34.6140518188477,40,419.65,1383,0.6217538711121368,0.6215390989873256,12
12,Not an NIA or Emerging Neighbourhood,,Toronto E04,0,0,12,2095,15,2545,3,2683,0,0,22,2170,22,2509,2,2725,0,0,17,1903,20,2411,0,0,0,0,13,1890,25,2275,2,2400,0.0011473405805557,0.1441978482283885,15,212,709.101257324219,130,434.826232910156,12.0,40.1378059387207,75,250.861297607422,1.0,3.34481716156006,40.0,133.792694091797,5.0,16.7240867614746,141,471.619232177734,22.0,73.5859756469727,147,331.2040816326531,778,1.7803941357935438,1.7783537583599935,14
13,Not an NIA or Emerging Neighbourhood,,Toronto C03,2,1275,44,2422,25,3257,1,3950,2,2050,66,2330,46,3090,5,5130,1,1650,49,2157,31,2847,2,3145,2,1655,41,1975,36,2797,3,4800,0.0001843569521967,0.0590426359253599,8,122,904.843139648438,34,252.169403076172,14.0,103.834457397461,33,244.752655029297,1.0,7.41674709320068,4.0,29.6669883728027,1.0,7.41674709320068,34,252.169403076172,6.0,44.5004806518555,53,489.2641509433962,1689,1.526233697228457,1.5259523772989805,18
14,Neighbourhood Improvement Area,NIA,Toronto E09,0,2093,89,2419,54,2881,3,3483,10,2130,117,2434,94,2980,8,3519,4,1913,110,2140,72,2710,12,3158,3,1692,75,2063,39,2581,5,2790,0.0006419780494767,0.141448630814072,12,125,672.223693847656,52,279.645080566406,1.0,5.37778949737549,11,59.1556854248047,1.0,5.37778949737549,15.0,80.6668472290039,7.0,37.6445274353027,110,591.556884765625,3.0,16.1333694458008,36,390.1111111111111,1257,1.2270306618188054,1.2262434404467235,10
15,Not an NIA or Emerging Neighbourhood,,Toronto C03,2,1275,44,2422,25,3257,1,3950,2,2050,66,2330,46,3090,5,5130,1,1650,49,2157,31,2847,2,3145,2,1655,41,1975,36,2797,3,4800,0.0002089795651397,0.0619426144221998,8,39,263.246704101563,56,377.995269775391,23.0,155.248062133789,32,215.997299194336,,,5.0,33.7495765686035,1.0,6.749915599823,38,256.496795654297,2.0,13.499831199646,18,337.8888888888889,604,1.0851261875761076,1.0848994657575333,8
16,Not an NIA or Emerging Neighbourhood,,Toronto C12,0,0,4,2828,8,4400,0,0,0,0,9,2806,13,3757,1,2400,0,0,11,2372,6,3042,7,3050,0,0,8,1806,14,3013,3,2300,0.0009878342304107,0.1696715516475727,15,35,325.581390380859,60,558.139526367188,3.0,27.9069766998291,45,418.604644775391,,,3.0,27.9069766998291,1.0,9.30232524871826,16,148.837203979492,6.0,55.8139533996582,73,265.6027397260274,911,1.247434698564548,1.246203655935152,14
17,Not an NIA or Emerging Neighbourhood,,Toronto C04,1,1950,15,2456,10,2982,5,3157,2,1700,30,2242,17,3775,2,5600,2,1548,29,2174,25,3193,2,4700,4,1692,16,2181,36,2646,2,5460,4.49135567449661e-05,0.0272771598353811,3,136,765.938293457031,10,56.3189926147461,12.0,67.5827865600586,48,270.331146240234,,,12.0,67.5827865600586,1.0,5.63189888000488,24,135.165573120117,4.0,22.5275955200195,9,532.8888888888889,1692,0.0852684561615096,0.0852646266238634,2
18,Not an NIA or Emerging Neighbourhood,,Toronto C13,2,1965,37,2320,43,2950,4,3488,1,1800,47,2303,48,2899,4,2875,2,1925,34,2079,44,2732,7,3343,1,1700,43,1961,35,2447,4,2763,0.000463572880693,0.1228416313726124,11,67,454.823150634766,37,251.171005249023,,,18,122.191299438477,,,7.0,47.5188369750977,2.0,13.576810836792,28,190.075347900391,1.0,6.788405418396,43,330.5581395348837,903,0.6098296289945557,0.6095470595082615,11
19,Neighbourhood Improvement Area,NIA,Toronto W04,1,1650,24,2285,41,2675,6,3392,0,0,44,2218,47,2651,9,3015,2,1500,50,2066,24,2467,7,2807,2,1650,43,1929,25,2333,6,2733,0.0002342177680656,0.0621422667519664,9,82,806.451599121094,36,354.051940917969,1.0,9.83477592468262,10,98.3477554321289,,,4.0,39.3391036987305,1.0,9.83477592468262,26,255.704162597656,5.0,49.1738777160645,23,328.4782608695652,734,0.3712362305616256,0.3711493008007729,4
20,Neighbourhood Improvement Area,NIA,Toronto W03,1,1500,2,2025,2,2723,1,3150,3,1508,8,2073,5,3010,0,0,3,1417,7,1878,2,2200,0,0,2,1428,6,1762,3,2375,1,2800,0.0001625554842258,0.0602823366104354,8,100,863.557861328125,29,250.431777954102,3.0,25.9067363739014,14,120.898101806641,,,11.0,94.9913635253906,4.0,34.5423126220703,17,146.804840087891,3.0,25.9067363739014,24,414.75,618,0.3412998787472153,0.3412444075972989,7
21,Not an NIA or Emerging Neighbourhood,,Toronto E09,0,2093,89,2419,54,2881,3,3483,10,2130,117,2434,94,2980,8,3519,4,1913,110,2140,72,2710,12,3158,3,1692,75,2063,39,2581,5,2790,0.0005493584040932,0.0953407478394053,9,166,813.565979003906,84,411.683990478516,6.0,29.4059982299805,24,117.623992919922,2.0,9.80200004577637,54.0,264.653991699219,7.0,34.306999206543,69,338.168975830078,13.0,63.7129974365234,84,429.9404761904762,2743,2.254603629923172,2.253365724524909,23
22,Neighbourhood Improvement Area,NIA,Toronto E10,0,0,5,2150,3,2500,1,2950,0,0,8,2141,5,2980,1,3200,0,0,5,1965,4,2199,0,0,0,0,12,1850,5,2110,0,0,0.001076222736467,0.1655804804431421,22,382,1264.23083496094,60,198.570297241211,17.0,56.2615814208984,45,148.927719116211,1.0,3.30950498580933,63.0,208.498809814453,7.0,23.1665344238281,148,489.806732177734,13.0,43.0235633850098,69,425.8840579710145,775,1.776628005639414,1.774718013762186,10
23,Neighbourhood Improvement Area,NIA,Toronto W05,3,1888,33,2314,17,2614,3,2933,0,0,73,2313,45,2652,3,3467,2,1600,98,2137,61,2507,0,0,7,1557,24,2022,12,2386,2,2775,0.0007470865300792,0.1370587541967818,13,309,1344.76452636719,106,461.310821533203,14.0,60.9278450012207,50,217.59944152832,2.0,8.70397758483887,39.0,169.727569580078,7.0,30.4639225006104,105,456.958831787109,19.0,82.6877899169922,85,495.6588235294118,1151,3.434387791620652,3.4318239221947766,18
24,Neighbourhood Improvement Area,NIA,Toronto W10,0,0,15,2324,13,2682,6,2906,0,0,24,2286,12,2635,3,2617,0,0,24,2009,18,2453,2,2725,0,0,24,1907,22,2337,0,0,0.0005184577716364,0.1388797450934194,21,262,783.797546386719,119,355.999633789063,8.0,23.9327487945557,26,77.7814331054688,1.0,2.99159359931946,54.0,161.546051025391,6.0,17.9495620727539,84,251.293869018555,18.0,53.8486862182617,58,368.6724137931034,597,1.5355023559195455,1.5347066753165457,13
25,Not an NIA or Emerging Neighbourhood,,Toronto E09,0,2093,89,2419,54,2881,3,3483,10,2130,117,2434,94,2980,8,3519,4,1913,110,2140,72,2710,12,3158,3,1692,75,2063,39,2581,5,2790,0.0002843197309595,0.0812099751144654,5,39,343.400543212891,22,193.713134765625,3.0,26.4154262542725,8,70.4411392211914,,,5.0,44.0257110595703,1.0,8.80514240264893,28,246.543975830078,1.0,8.80514240264893,30,320.53333333333336,681,0.7348972711192121,0.7346883847153306,16
26,Not an NIA or Emerging Neighbourhood,,Toronto E02,0,0,12,2361,10,3259,2,5725,2,1700,23,2215,16,3178,1,5750,4,1662,10,2309,12,3016,0,0,2,1675,17,2116,10,2690,0,0,0.0001870212907072,0.0708093237535877,9,113,753.534301757813,23,153.374237060547,32.0,213.390243530273,35,233.395568847656,1.0,6.66844511032104,32.0,213.390243530273,1.0,6.66844511032104,40,266.73779296875,7.0,46.6791152954102,39,425.1025641025641,1111,0.5647259688188748,0.5646203727879964,10
27,Neighbourhood Improvement Area,NIA,Toronto C11,4,1708,38,2202,19,3013,6,2850,1,1600,40,2222,45,2749,8,2914,2,1625,39,2031,30,2694,11,2773,5,1485,32,1916,30,2542,10,2938,0.0002763241278599,0.0963647259790306,9,140,576.440063476563,22,90.5834426879883,4.0,16.4697170257568,22,90.5834426879883,,,13.0,53.5265769958496,1.0,4.11742925643921,27,111.170585632324,1.0,4.11742925643921,45,494.4,1457,1.0210613343105237,1.0207792683694537,11
28,Neighbourhood Improvement Area,NIA,Toronto W03,1,1500,2,2025,2,2723,1,3150,3,1508,8,2073,5,3010,0,0,3,1417,7,1878,2,2200,0,0,2,1428,6,1762,3,2375,1,2800,0.0005662071995637,0.1294151519909053,21,174,745.916748046875,62,265.786437988281,7.0,30.0081443786621,33,141.46696472168,,,19.0,81.4506759643555,7.0,30.0081443786621,59,252.925796508789,12.0,51.4425354003906,99,310.26262626262627,747,1.0642366773228702,1.0636344398453257,20
29,Not an NIA or Emerging Neighbourhood,,Toronto E03,1,1495,27,1816,5,2283,0,0,6,1620,18,1779,9,2664,2,3125,3,1532,15,1812,8,2200,0,0,2,1523,9,1776,7,2143,2,2388,0.0005447554891766,0.1211534366574411,10,161,808.963928222656,42,211.034072875977,7.0,35.1723442077637,47,236.157165527344,,,8.0,40.196964263916,3.0,15.0738620758057,42,211.034072875977,9.0,45.2215843200684,83,264.26506024096386,711,0.5090908075280699,0.5088136285109707,7
30,Not an NIA or Emerging Neighbourhood,,Toronto W02,3,1867,42,2383,13,3264,6,3486,3,1825,82,2277,61,2945,1,4300,2,1613,69,2176,29,2796,0,0,0,0,30,2092,22,2957,1,3750,0.0002938368696787,0.084585752975484,12,113,746.317932128906,46,303.810852050781,10.0,66.0458374023438,56,369.856689453125,,,23.0,151.905426025391,,,43,283.997100830078,13.0,85.8595886230469,78,386.9358974358975,1130,0.9670034457346276,0.9667193879358188,14
31,Not an NIA or Emerging Neighbourhood,,Toronto E11,0,0,9,2139,7,2546,2,2950,0,0,6,2233,18,2530,1,3000,0,0,10,2010,10,2445,0,0,0,0,8,1956,13,2288,1,2250,0.0032406744325928,0.272709654377882,21,101,380.672393798828,132,497.512451171875,2.0,7.53806734085083,24,90.4568099975586,,,27.0,101.76390838623,2.0,7.53806734085083,55,207.296844482422,14.0,52.766471862793,133,348.62406015037595,1620,2.4545656243983096,2.446636870845123,19
32,Emerging Neighbourhood,EN,Toronto E05,0,0,26,2362,18,2794,7,2978,3,1813,36,2263,34,2753,5,2850,0,0,32,2183,23,2543,7,2701,0,0,13,1923,28,2459,5,2520,0.0004133015482761,0.0915315082855368,9,77,337.334625244141,46,201.52458190918,3.0,13.1429071426392,24,105.143257141113,,,7.0,30.666784286499,2.0,8.76193809509277,35,153.333923339844,11.0,48.1906585693359,52,323.46153846153845,796,1.031895009264092,1.0314687016527004,10
33,Not an NIA or Emerging Neighbourhood,,Toronto E05,0,0,26,2362,18,2794,7,2978,3,1813,36,2263,34,2753,5,2850,0,0,32,2183,23,2543,7,2701,0,0,13,1923,28,2459,5,2520,0.0004569404073396,0.0859517036321604,18,88,513.5087890625,62,361.790283203125,10.0,58.353271484375,38,221.742431640625,,,10.0,58.353271484375,4.0,23.34130859375,48,280.095703125,11.0,64.1885986328125,82,367.5,1350,1.1572873803837227,1.15675881054164,15
34,Neighbourhood Improvement Area,NIA,Toronto W04,1,1650,24,2285,41,2675,6,3392,0,0,44,2218,47,2651,9,3015,2,1500,50,2066,24,2467,7,2807,2,1650,43,1929,25,2333,6,2733,0.0002378108843681,0.0769200516228141,6,119,845.771118164063,39,277.185485839844,4.0,28.4292812347412,24,170.575698852539,,,7.0,49.7512435913086,2.0,14.2146406173706,38,270.078186035156,5.0,35.5366020202637,50,464.4,874,0.934866042536453,0.9346437740739711,11
35,Not an NIA or Emerging Neighbourhood,,Toronto C06,1,2200,21,2364,20,2863,0,0,2,1800,31,2107,42,2712,3,3367,1,1625,35,2060,30,2536,0,0,0,0,39,1982,22,2341,1,3600,0.0005323079903228,0.1558937908692444,10,55,323.853271484375,78,459.282806396484,8.0,47.1059303283691,24,141.317794799805,,,18.0,105.988342285156,1.0,5.88824129104614,96,565.271179199219,7.0,41.2176895141602,56,324.94642857142856,1122,0.745842312317411,0.7454455057183668,13
36,Not an NIA or Emerging Neighbourhood,,Toronto W02,3,1867,42,2383,13,3264,6,3486,3,1825,82,2277,61,2945,1,4300,2,1613,69,2176,29,2796,0,0,0,0,30,2092,22,2957,1,3750,0.0002101054397706,0.0714923006476597,9,138,588.285461425781,37,157.728713989258,34.0,144.939895629883,32,136.414016723633,1.0,4.26293802261353,18.0,76.7328872680664,,,55,234.46159362793,6.0,25.5776271820068,53,443.2075471698113,1080,2.289831925598608,2.289350920516663,23
37,Not an NIA or Emerging Neighbourhood,,Toronto C15,11,2018,284,2463,137,3005,13,4112,17,2000,433,2380,209,3042,20,3788,7,1793,345,2189,151,2789,8,3306,12,1681,380,2054,181,2610,16,3099,0.0005769825501342,0.1008434704889677,21,119,473.6318359375,61,242.786071777344,7.0,27.8606967926025,30,119.402984619141,,,10.0,39.8009948730469,5.0,19.9004974365234,68,270.646759033203,6.0,23.8805961608887,51,254.4313725490196,656,1.0748097791890487,1.0741899903091114,9
38,Not an NIA or Emerging Neighbourhood,,Toronto C01,139,2122,1247,2662,535,3751,51,4825,295,2107,2216,2637,1076,3617,136,4969,282,1878,2347,2373,1126,3305,127,4471,164,1763,1796,2227,728,3197,67,4612,0.0001602093188019,0.0551340797018769,4,84,602.064208984375,27,193.520645141602,31.0,222.190368652344,36,258.027526855469,1.0,7.16743135452271,11.0,78.8417434692383,,,35,250.860092163086,8.0,57.3394508361816,33,384.1212121212121,866,0.7199837054809874,0.719868375858864,6
39,Not an NIA or Emerging Neighbourhood,,Toronto C08,103,2151,657,2523,312,3419,17,4221,172,2131,1159,2533,287,3456,57,4461,193,1820,1208,2245,682,3059,63,3779,100,1728,943,2134,430,2980,31,3504,0.0001093262154122,0.0471055044085725,7,443,1474.0625,69,229.594390869141,111.0,369.347473144531,127,422.586761474609,2.0,6.65490961074829,55.0,183.010009765625,8.0,26.6196384429932,77,256.214019775391,22.0,73.2040100097656,26,624.3076923076923,857,0.6768013158935496,0.6767273318554919,9
40,Not an NIA or Emerging Neighbourhood,,Toronto C08,103,2151,657,2523,312,3419,17,4221,172,2131,1159,2533,287,3456,57,4461,193,1820,1208,2245,682,3059,63,3779,100,1728,943,2134,430,2980,31,3504,0.001262352769321,0.2148326680189354,24,393,1140.65124511719,39,113.194404602051,124.0,359.900146484375,127,368.607421875,2.0,5.80484104156494,32.0,92.8774566650391,5.0,14.5121030807495,100,290.242065429688,23.0,66.7556762695313,53,428.3962264150944,1692,0.5956261527750548,0.5948752104057987,16
41,Not an NIA or Emerging Neighbourhood,,Toronto C15,11,2018,284,2463,137,3005,13,4112,17,2000,433,2380,209,3042,20,3788,7,1793,345,2189,151,2789,8,3306,12,1681,380,2054,181,2610,16,3099,0.0004574525065505,0.0878335420701092,12,39,292.551208496094,14,105.018379211426,,,10,75.0131301879883,,,2.0,15.0026254653931,,,19,142.524948120117,4.0,30.0052509307861,41,273.9512195121951,821,0.4205567227738736,0.420364426013529,6
42,Emerging Neighbourhood,EN,Toronto W04,1,1650,24,2285,41,2675,6,3392,0,0,44,2218,47,2651,9,3015,2,1500,50,2066,24,2467,7,2807,2,1650,43,1929,25,2333,6,2733,0.0006746504559161,0.1060181546322705,17,179,958.911437988281,196,1049.98120117188,18.0,96.4268493652344,59,316.065795898438,1.0,5.35704708099365,32.0,171.425506591797,7.0,37.4993286132813,130,696.416137695313,40.0,214.281890869141,131,347.44274809160305,848,3.378361780950369,3.376084104270212,12
43,Neighbourhood Improvement Area,NIA,Toronto E08,0,0,5,2129,8,2654,1,2700,0,0,12,2279,21,2573,2,2738,1,1625,4,2200,19,2376,4,2788,1,1650,12,1940,25,2335,3,2500,0.0003522115690398,0.0822984162446096,10,156,874.488464355469,25,140.142379760742,9.0,50.4512596130371,20,112.113906860352,,,9.0,50.4512596130371,1.0,5.60569524765015,51,285.890472412109,8.0,44.8455619812012,30,649.8,1189,1.0244227127568153,1.024062026263751,10
44,Not an NIA or Emerging Neighbourhood,,Toronto C02,14,2123,97,2626,63,4682,6,17440,14,2186,204,2743,98,4026,12,4889,14,1816,200,2435,110,3789,13,5461,12,1815,123,2513,104,4340,14,4563,0.0001878122306184,0.0594683475871052,11,79,536.903625488281,34,231.072448730469,16.0,108.739974975586,28,190.294952392578,,,6.0,40.7774925231934,1.0,6.79624843597412,25,169.906204223633,9.0,61.1662368774414,51,347.1372549019608,986,0.5790672662200324,0.5789585307269409,8
45,Not an NIA or Emerging Neighbourhood,,Toronto W08,2,1888,103,2391,88,2935,5,2941,0,0,130,2303,130,2864,7,3436,1,1650,127,2131,111,2716,5,3030,1,1650,124,2060,78,2528,7,3264,0.0009651222105199,0.1658225598189248,13,59,302.765960693359,91,466.977996826172,,,18,92.369270324707,,,13.0,66.7111434936523,1.0,5.13162612915039,60,307.897583007813,3.0,15.3948783874512,66,188.2878787878788,462,1.4205524477190818,1.419182762913807,9
46,Not an NIA or Emerging Neighbourhood,,Toronto E03,1,1495,27,1816,5,2283,0,0,6,1620,18,1779,9,2664,2,3125,3,1532,15,1812,8,2200,0,0,2,1523,9,1776,7,2143,2,2388,0.0001949822201202,0.0752698546973677,8,60,511.945404052734,15,127.986351013184,24.0,204.77815246582,17,145.051193237305,1.0,8.53242301940918,2.0,17.0648460388184,2.0,17.0648460388184,33,281.569976806641,3.0,25.5972690582275,32,642.78125,1550,0.5485336038568961,0.548426670407127,8
47,Not an NIA or Emerging Neighbourhood,,Toronto W02,3,1867,42,2383,13,3264,6,3486,3,1825,82,2277,61,2945,1,4300,2,1613,69,2176,29,2796,0,0,0,0,30,2092,22,2957,1,3750,0.0001677917419007,0.054531422788437,6,103,781.6650390625,25,189.724517822266,20.0,151.77961730957,33,250.436370849609,,,14.0,106.245727539063,,,29,220.080444335938,4.0,30.3559226989746,50,347.24,946,1.691590249042941,1.6913064617856302,10
48,Not an NIA or Emerging Neighbourhood,,Toronto W06,2,1853,204,2521,139,3194,2,6167,5,1525,257,2458,193,23232,3,5467,3,1633,315,2286,210,3178,6,4600,1,1650,246,2183,138,3104,4,4913,0.0003885059558912,0.1197633784575644,15,163,1350.00830078125,43,356.137145996094,21.0,173.927444458008,24,198.774230957031,,,16.0,132.516143798828,,,48,397.548461914063,7.0,57.9758148193359,39,379.84615384615387,983,0.5557651022603011,0.5555492680608684,8
49,Neighbourhood Improvement Area,NIA,Toronto W03,1,1500,2,2025,2,2723,1,3150,3,1508,8,2073,5,3010,0,0,3,1417,7,1878,2,2200,0,0,2,1428,6,1762,3,2375,1,2800,0.0001955036241181,0.0640990842708496,6,104,865.872924804688,29,241.445343017578,3.0,24.9771041870117,17,141.536926269531,,,10.0,83.2570114135742,,,34,283.073852539063,,,30,537.2666666666667,1321,1.018065378741896,1.017866382175313,11
50,Not an NIA or Emerging Neighbourhood,,Toronto C04,1,1950,15,2456,10,2982,5,3157,2,1700,30,2242,17,3775,2,5600,2,1548,29,2174,25,3193,2,4700,4,1692,16,2181,36,2646,2,5460,0.0006167085381976,0.1294766553660257,11,42,177.222671508789,172,725.76904296875,6.0,25.3175239562988,64,270.053588867188,,,12.0,50.6350479125977,,,53,223.638122558594,8.0,33.7566986083984,73,360.67123287671234,983,2.193649619486584,2.192297610831714,15
51,Not an NIA or Emerging Neighbourhood,,Toronto E11,0,0,9,2139,7,2546,2,2950,0,0,6,2233,18,2530,1,3000,0,0,10,2010,10,2445,0,0,0,0,8,1956,13,2288,1,2250,0.0009601269829485,0.2144437927225682,15,62,277.330474853516,68,304.168914794922,4.0,17.8922882080078,22,98.407585144043,,,14.0,62.6230087280273,3.0,13.4192161560059,57,254.965103149414,4.0,17.8922882080078,59,325.3050847457627,872,1.413493803395774,1.4121379716255702,12
52,Neighbourhood Improvement Area,NIA,Toronto W09,0,0,0,0,5,2786,3,3000,0,0,1,2150,14,2482,3,2733,0,0,1,1850,7,2479,0,0,0,0,2,1775,2,2400,5,2409,0.000565598920394,0.1125471656557137,10,132,569.898986816406,121,522.407409667969,5.0,21.5870819091797,15,64.7612457275391,,,10.0,43.1741638183594,1.0,4.31741666793823,69,297.901733398438,6.0,25.9044990539551,50,322.74,422,1.1928110877360942,1.192136816439754,9
53,Not an NIA or Emerging Neighbourhood,,Toronto C02,14,2123,97,2626,63,4682,6,17440,14,2186,204,2743,98,4026,12,4889,14,1816,200,2435,110,3789,13,5461,12,1815,123,2513,104,4340,14,4563,0.0002146666625808,0.0632948920896947,19,59,483.566925048828,30,245.881484985352,6.0,49.1762962341309,18,147.528884887695,,,10.0,81.9604949951172,1.0,8.19604969024658,21,172.117034912109,3.0,24.5881481170654,31,342.38709677419354,957,0.9343626709755796,0.9341621375072114,9
54,Not an NIA or Emerging Neighbourhood,,Toronto C07,0,0,118,2509,102,3122,14,3906,0,0,144,2460,143,3132,14,3625,1,1750,141,2282,149,2834,17,3321,0,0,131,2125,112,2813,19,3079,0.0005252473913338,0.0925795179255376,10,224,878.396911621094,173,678.40478515625,15.0,58.8212242126465,36,141.170928955078,1.0,3.92141485214233,30.0,117.642448425293,2.0,7.84282970428467,108,423.512817382813,13.0,50.9783935546875,82,354.6219512195122,1344,1.0976450236355249,1.097068791114878,12
55,Not an NIA or Emerging Neighbourhood,,Toronto E01,6,1774,44,2465,19,3183,1,4100,1,1700,44,2430,31,2994,1,3850,0,0,69,2324,32,2925,0,0,3,1600,48,2157,32,2858,2,3495,0.0012309822495102,0.4534844339316388,33,300,994.530090332031,77,255.262725830078,52.0,172.385208129883,101,334.825134277344,1.0,3.31510019302368,39.0,129.288909912109,6.0,19.8906021118164,80,265.2080078125,22.0,72.9322052001953,106,510.9905660377359,1182,1.2387914514816076,1.2372683960481925,17
56,Not an NIA or Emerging Neighbourhood,,Toronto C12,0,0,4,2828,8,4400,0,0,0,0,9,2806,13,3757,1,2400,0,0,11,2372,6,3042,7,3050,0,0,8,1806,14,3013,3,2300,0.0008212372190435,0.1489475335458081,20,61,339.322479248047,86,478.389038085938,8.0,44.5013084411621,52,289.258483886719,,,8.0,44.5013084411621,,,52,289.258483886719,13.0,72.3146209716797,119,270.0504201680672,924,0.9021977303808768,0.9014574199961932,18
57,Not an NIA or Emerging Neighbourhood,,Toronto E01,6,1774,44,2465,19,3183,1,4100,1,1700,44,2430,31,2994,1,3850,0,0,69,2324,32,2925,0,0,3,1600,48,2157,32,2858,2,3495,0.000199403080974,0.0598676482889966,6,78,651.574645996094,29,242.252105712891,21.0,175.423934936523,30,250.60563659668,,,11.0,91.8887329101563,,,29,242.252105712891,3.0,25.0605621337891,31,686.0322580645161,1357,0.961448489028036,0.9612568114582242,11
58,Not an NIA or Emerging Neighbourhood,,Toronto W01,0,0,90,2510,76,3012,9,4029,1,2100,71,2469,31,3240,1,3700,1,2000,40,2364,19,2972,6,3950,1,2300,58,2266,19,3099,1,3150,0.0005979158323063,0.118002359743504,13,93,384.74267578125,75,310.2763671875,14.0,57.9182510375977,50,206.85090637207,1.0,4.13701820373535,10.0,41.3701820373535,3.0,12.4110536575317,41,169.617736816406,5.0,20.6850910186768,78,265.28205128205127,872,1.850046828461072,1.8489413171745277,22
59,Not an NIA or Emerging Neighbourhood,,Toronto C07,0,0,118,2509,102,3122,14,3906,0,0,144,2460,143,3132,14,3625,1,1750,141,2282,149,2834,17,3321,0,0,131,2125,112,2813,19,3079,0.0003224568995961,0.0823529207935802,14,119,639.063415527344,45,241.662643432617,16.0,85.9244918823242,30,161.108428955078,,,3.0,16.1108417510986,,,46,247.032913208008,9.0,48.3325271606445,31,351.5483870967742,842,1.429044985997563,1.428584329123982,10
60,Not an NIA or Emerging Neighbourhood,,Toronto W09,0,0,0,0,5,2786,3,3000,0,0,1,2150,14,2482,3,2733,0,0,1,1850,7,2479,0,0,0,0,2,1775,2,2400,5,2409,0.0006161705885669,0.1320879766666214,16,98,413.22314453125,107,451.172210693359,5.0,21.0828132629395,27,113.847190856934,,,15.0,63.2484397888184,4.0,16.8662509918213,66,278.293121337891,5.0,21.0828132629395,80,251.9125,515,1.0501511715364034,1.049504497732332,12
61,Not an NIA or Emerging Neighbourhood,,Toronto W06,2,1853,204,2521,139,3194,2,6167,5,1525,257,2458,193,23232,3,5467,3,1633,315,2286,210,3178,6,4600,1,1650,246,2183,138,3104,4,4913,0.0001760551708287,0.1735181269773425,5,121,519.35791015625,53,227.487335205078,25.0,107.305351257324,27,115.889778137207,2.0,8.58442783355713,8.0,34.3377113342285,3.0,12.8766422271729,66,283.2861328125,12.0,51.5065689086914,27,317.1481481481481,694,0.5080139358556139,0.5079245131186887,7
62,Not an NIA or Emerging Neighbourhood,,Toronto C08,103,2151,657,2523,312,3419,17,4221,172,2131,1159,2533,287,3456,57,4461,193,1820,1208,2245,682,3059,63,3779,100,1728,943,2134,430,2980,31,3504,0.0001559173643994,0.0686494383267845,14,548,2131.79809570313,59,229.518402099609,90.0,350.112823486328,129,501.828369140625,3.0,11.6704273223877,66.0,256.749389648438,9.0,35.0112800598145,92,357.893096923828,16.0,62.2422790527344,62,570.1774193548387,1284,0.9275444746160618,0.9273998768715156,14
63,Not an NIA or Emerging Neighbourhood,,Toronto W06,2,1853,204,2521,139,3194,2,6167,5,1525,257,2458,193,23232,3,5467,3,1633,315,2286,210,3178,6,4600,1,1650,246,2183,138,3104,4,4913,0.0006113432404071,0.1450659592098735,19,343,1661.58020019531,63,305.188201904297,23.0,111.417915344238,47,227.680084228516,,,16.0,77.5081176757813,1.0,4.84425735473633,64,310.032470703125,11.0,53.2868270874023,83,263.6385542168675,529,0.9646523598721952,0.9640629864820828,12
64,Not an NIA or Emerging Neighbourhood,,Toronto W03,1,1500,2,2025,2,2723,1,3150,3,1508,8,2073,5,3010,0,0,3,1417,7,1878,2,2200,0,0,2,1428,6,1762,3,2375,1,2800,0.0002478582262141,0.0659386122355664,11,154,701.019653320313,64,291.332855224609,12.0,54.6249084472656,39,177.530960083008,,,22.0,100.145668029785,3.0,13.6562271118164,47,213.947555541992,5.0,22.7603778839111,37,528.918918918919,1507,1.1748396389281848,1.1745485174160557,11
65,Not an NIA or Emerging Neighbourhood,,Toronto W06,2,1853,204,2521,139,3194,2,6167,5,1525,257,2458,193,23232,3,5467,3,1633,315,2286,210,3178,6,4600,1,1650,246,2183,138,3104,4,4913,0.0005552477130279,0.0985688755681679,12,43,324.332489013672,69,520.440490722656,12.0,90.5113906860352,42,316.789855957031,3.0,22.6278476715088,7.0,52.7983093261719,1.0,7.54261589050293,31,233.821090698242,8.0,60.3409271240234,54,255.57407407407408,714,0.5341971055439098,0.5339006584243355,4
66,Not an NIA or Emerging Neighbourhood,,Toronto W08,2,1888,103,2391,88,2935,5,2941,0,0,130,2303,130,2864,7,3436,1,1650,127,2131,111,2716,5,3030,1,1650,124,2060,78,2528,7,3264,0.0006813890785557,0.1460110480372622,11,97,379.707183837891,96,375.792694091797,4.0,15.6580286026001,53,207.468872070313,,,26.0,101.777183532715,,,74,289.673522949219,8.0,31.3160572052002,88,323.8068181818182,1202,1.7623606299739314,1.7611605943793385,16
67,Not an NIA or Emerging Neighbourhood,,Toronto E02,0,0,12,2361,10,3259,2,5725,2,1700,23,2215,16,3178,1,5750,4,1662,10,2309,12,3016,0,0,2,1675,17,2116,10,2690,0,0,0.0002946768900603,0.0799849514247931,15,219,937.821166992188,41,175.573822021484,45.0,192.702987670898,69,295.477905273438,,,24.0,102.774925231934,2.0,8.56457710266113,83,355.429931640625,12.0,51.3874626159668,71,390.1690140845071,888,1.800304281971775,1.7997739301872155,21
68,Neighbourhood Improvement Area,NIA,Toronto W10,0,0,15,2324,13,2682,6,2906,0,0,24,2286,12,2635,3,2617,0,0,24,2009,18,2453,2,2725,0,0,24,1907,22,2337,0,0,0.0003732847410832,0.1186376726781559,8,52,488.171234130859,55,516.3349609375,,,17,159.594436645508,,,16.0,150.206527709961,5.0,46.9395408630371,22,206.533981323242,2.0,18.7758159637451,45,226.6888888888889,597,0.8175443954057248,0.8172393324331143,10
69,Neighbourhood Improvement Area,NIA,Toronto E03,1,1495,27,1816,5,2283,0,0,6,1620,18,1779,9,2664,2,3125,3,1532,15,1812,8,2200,0,0,2,1523,9,1776,7,2143,2,2388,0.0001187062737725,0.061358323876447,3,115,719.78466796875,15,93.8849563598633,11.0,68.8489685058594,25,156.47492980957,1.0,6.25899744033813,10.0,62.589973449707,3.0,18.7769927978516,58,363.021850585938,4.0,25.0359897613525,32,330.25,467,0.7382923832352691,0.7382047536996763,12
70,Neighbourhood Improvement Area,NIA,Toronto E06,0,0,1,2500,0,0,0,0,0,0,8,1905,13,2815,0,0,0,0,6,2125,7,2557,0,0,0,0,1,1900,8,2266,1,2950,0.0002097697458174,0.0820492473055384,13,186,1252.01940917969,23,154.819595336914,7.0,47.119010925293,35,235.59504699707,,,11.0,74.0441589355469,1.0,6.73128700256348,62,417.339782714844,7.0,47.119010925293,51,340.84313725490193,910,1.9608086370479887,1.9603974049826447,21
71,Not an NIA or Emerging Neighbourhood,,Toronto C15,11,2018,284,2463,137,3005,13,4112,17,2000,433,2380,209,3042,20,3788,7,1793,345,2189,151,2789,8,3306,12,1681,380,2054,181,2610,16,3099,0.0006036863499526,0.1040865157003621,10,46,267.909149169922,16,93.185791015625,,,31,180.547470092773,,,32.0,186.37158203125,1.0,5.82411193847656,46,267.909149169922,5.0,29.1205596923828,69,341.536231884058,1265,1.004438618604166,1.0038326185547073,10
72,Neighbourhood Improvement Area,NIA,Toronto C13,2,1965,37,2320,43,2950,4,3488,1,1800,47,2303,48,2899,4,2875,2,1925,34,2079,44,2732,7,3343,1,1700,43,1961,35,2447,4,2763,0.0005313770796308,0.1268446361142778,11,117,629.743286132813,35,188.384735107422,5.0,26.9121055603027,38,204.531997680664,,,10.0,53.8242111206055,3.0,16.1472625732422,58,312.180419921875,3.0,16.1472625732422,65,251.0,623,0.8304654622678085,0.8300244063227543,9
73,Not an NIA or Emerging Neighbourhood,,Toronto C01,139,2122,1247,2662,535,3751,51,4825,295,2107,2216,2637,1076,3617,136,4969,282,1878,2347,2373,1126,3305,127,4471,164,1763,1796,2227,728,3197,67,4612,0.0001549185395743,0.0580852772979844,2,84,693.8134765625,10,82.5968475341797,37.0,305.608337402344,27,223.011474609375,,,17.0,140.414642333984,2.0,16.5193691253662,23,189.972747802734,6.0,49.55810546875,30,457.1333333333333,984,0.8287390211890567,0.8286106540366576,9
74,Not an NIA or Emerging Neighbourhood,,Toronto C08,103,2151,657,2523,312,3419,17,4221,172,2131,1159,2533,287,3456,57,4461,193,1820,1208,2245,682,3059,63,3779,100,1728,943,2134,430,2980,31,3504,4.732711653248155e-05,0.0283775859422897,4,224,1111.38671875,15,74.4232177734375,34.0,168.692626953125,38,188.538818359375,1.0,4.9615478515625,24.0,119.0771484375,4.0,19.84619140625,65,322.500610351563,5.0,24.8077392578125,15,412.3333333333333,823,0.5863601950434505,0.58633244561947,6
75,Not an NIA or Emerging Neighbourhood,,Toronto W01,0,0,90,2510,76,3012,9,4029,1,2100,71,2469,31,3240,1,3700,1,2000,40,2364,19,2972,6,3950,1,2300,58,2266,19,3099,1,3150,0.0001357471537458,0.0598563425655953,6,106,628.222595214844,26,154.092330932617,19.0,112.605941772461,32,189.652099609375,,,14.0,82.9727935791016,,,30,177.798843383789,4.0,23.7065124511719,29,526.2758620689655,984,0.7876921997675943,0.7875852873065102,11
76,Not an NIA or Emerging Neighbourhood,,Toronto C01,139,2122,1247,2662,535,3751,51,4825,295,2107,2216,2637,1076,3617,136,4969,282,1878,2347,2373,1126,3305,127,4471,164,1763,1796,2227,728,3197,67,4612,0.0001568621233896,0.0549487132362549,5,99,1225.09594726563,13,160.871185302734,116.0,1435.46594238281,39,482.613525390625,,,15.0,185.620590209961,1.0,12.3747062683105,39,482.613525390625,12.0,148.496475219727,30,407.6666666666667,709,0.933732813964416,0.933586369624109,10
77,Not an NIA or Emerging Neighbourhood,,Toronto C07,0,0,118,2509,102,3122,14,3906,0,0,144,2460,143,3132,14,3625,1,1750,141,2282,149,2834,17,3321,0,0,131,2125,112,2813,19,3079,0.0005977108120497,0.1183703530527513,14,66,385.064178466797,66,385.064178466797,1.0,5.83430576324463,37,215.86930847168,3.0,17.5029163360596,14.0,81.6802825927734,2.0,11.6686115264893,50,291.715270996094,11.0,64.177360534668,41,402.5853658536585,983,1.6437810944441638,1.642799175614872,17
78,Neighbourhood Improvement Area,NIA,Toronto W04,1,1650,24,2285,41,2675,6,3392,0,0,44,2218,47,2651,9,3015,2,1500,50,2066,24,2467,7,2807,2,1650,43,1929,25,2333,6,2733,0.0002866043009944,0.1130861771677219,16,242,1192.52941894531,99,487.852966308594,6.0,29.5668449401855,46,226.679153442383,2.0,9.85561561584473,32.0,157.689849853516,5.0,24.6390380859375,86,423.791442871094,9.0,44.350269317627,61,418.4590163934426,1205,1.096802434980622,1.0964881767531751,12
79,Not an NIA or Emerging Neighbourhood,,Toronto C09,0,0,19,2932,23,4017,1,6300,0,0,25,2709,26,3925,3,5757,0,0,22,2559,24,4234,2,4325,1,1500,14,2636,16,3603,2,4500,0.0005205361147924,0.1043872263695755,24,220,1018.75433349609,111,514.007873535156,76.0,351.933319091797,69,319.518402099609,1.0,4.63070154190063,21.0,97.2447357177734,2.0,9.26140308380127,45,208.381576538086,14.0,64.8298187255859,77,317.76623376623377,1052,2.621545898277645,2.620181998919878,14
80,Not an NIA or Emerging Neighbourhood,,Toronto E03,1,1495,27,1816,5,2283,0,0,6,1620,18,1779,9,2664,2,3125,3,1532,15,1812,8,2200,0,0,2,1523,9,1776,7,2143,2,2388,9.910658137942348e-05,0.051128831662617,5,97,1218.13391113281,19,238.603546142578,27.0,339.068176269531,31,389.300506591797,,,14.0,175.813140869141,1.0,12.5580806732178,43,539.997497558594,4.0,50.2323226928711,27,772.5185185185185,1510,1.2543213721345727,1.2541970729502967,13
81,Not an NIA or Emerging Neighbourhood,,Toronto E07,0,0,40,2305,35,2663,3,2817,0,0,48,2315,72,2681,3,2675,0,0,64,2005,49,2506,2,2500,0,0,44,1934,27,2381,0,0,0.0008125087712081,0.1344575932789796,10,78,266.220703125,49,167.241195678711,,,24,81.9140548706055,,,11.0,37.5439453125,1.0,3.41308569908142,45,153.5888671875,3.0,10.2392568588257,81,289.34567901234567,807,1.7552721280407235,1.7538471118789638,10
82,Neighbourhood Improvement Area,NIA,Toronto C11,4,1708,38,2202,19,3013,6,2850,1,1600,40,2222,45,2749,8,2914,2,1625,39,2031,30,2694,11,2773,5,1485,32,1916,30,2542,10,2938,0.0003492438826772,0.0821798836154386,5,113,513.146545410156,33,149.856948852539,16.0,72.6579208374023,52,236.138229370117,,,18.0,81.7401580810547,3.0,13.6233596801758,61,277.00830078125,10.0,45.4111976623535,50,499.66,1551,1.1584465387827667,1.1580420996635763,13
83,Not an NIA or Emerging Neighbourhood,,Toronto W01,0,0,90,2510,76,3012,9,4029,1,2100,71,2469,31,3240,1,3700,1,2000,40,2364,19,2972,6,3950,1,2300,58,2266,19,3099,1,3150,0.0001679051699463,0.0661799000251268,8,110,711.928039550781,23,148.857681274414,22.0,142.385604858398,53,343.019866943359,,,18.0,116.497314453125,1.0,6.47207307815552,45,291.243286132813,8.0,51.7765846252441,34,531.9705882352941,995,0.6787336028374427,0.6786196590882545,15
84,Not an NIA or Emerging Neighbourhood,,Toronto W08,2,1888,103,2391,88,2935,5,2941,0,0,130,2303,130,2864,7,3436,1,1650,127,2131,111,2716,5,3030,1,1650,124,2060,78,2528,7,3264,0.0002004905402838,0.0681570743723814,4,50,378.157623291016,31,234.457717895508,4.0,30.2526092529297,21,158.826202392578,,,4.0,30.2526092529297,1.0,7.56315231323242,54,408.410217285156,5.0,37.8157615661621,29,233.27586206896552,304,0.5492776176099533,0.5491675147182212,6
85,Not an NIA or Emerging Neighbourhood,,Toronto E01,6,1774,44,2465,19,3183,1,4100,1,1700,44,2430,31,2994,1,3850,0,0,69,2324,32,2925,0,0,3,1600,48,2157,32,2858,2,3495,0.0001050867529587,0.0429573159451001,3,48,606.903503417969,9,113.794410705566,6.0,75.8629379272461,23,290.807952880859,1.0,12.6438236236572,10.0,126.438232421875,2.0,25.2876472473145,14,177.013534545898,1.0,12.6438236236572,21,253.52380952380952,444,0.3740049015257775,0.373965602694872,4
86,Not an NIA or Emerging Neighbourhood,,Toronto C13,2,1965,37,2320,43,2950,4,3488,1,1800,47,2303,48,2899,4,2875,2,1925,34,2079,44,2732,7,3343,1,1700,43,1961,35,2447,4,2763,0.0011222246237441,0.2018184099794579,25,108,357.805450439453,56,185.528762817383,8.0,26.5041084289551,47,155.711639404297,,,20.0,66.2602691650391,3.0,9.939040184021,52,172.276702880859,11.0,36.4431495666504,125,444.36,1266,2.7864938042499428,2.7833702376322758,18
87,Not an NIA or Emerging Neighbourhood,,Toronto C08,103,2151,657,2523,312,3419,17,4221,172,2131,1159,2533,287,3456,57,4461,193,1820,1208,2245,682,3059,63,3779,100,1728,943,2134,430,2980,31,3504,7.708808179608682e-05,0.0352511192093287,6,122,611.436889648438,14,70.1648864746094,67.0,335.789093017578,43,215.506439208984,,,20.0,100.235549926758,1.0,5.01177787780762,26,130.306213378906,9.0,45.1059989929199,29,297.8965517241379,848,0.6498931766578072,0.6498430815011857,5
88,Not an NIA or Emerging Neighbourhood,,Toronto C06,1,2200,21,2364,20,2863,0,0,2,1800,31,2107,42,2712,3,3367,1,1625,35,2060,30,2536,0,0,0,0,39,1982,22,2341,1,3600,0.0004656990346162,0.1102598140050827,11,116,605.112182617188,163,850.286926269531,15.0,78.2472610473633,39,203.442886352539,,,17.0,88.6802291870117,1.0,5.21648406982422,63,328.638488769531,10.0,52.1648406982422,63,404.031746031746,1541,2.8945692844616886,2.893221913809497,19
89,Not an NIA or Emerging Neighbourhood,,Toronto C14,5,2130,261,2514,204,3124,19,3804,8,2029,360,2420,256,3076,22,3759,8,1828,273,2237,228,2890,11,3529,5,1768,229,2081,174,2716,7,3150,0.0003929598214855,0.0821842854183774,15,58,348.620544433594,45,270.4814453125,7.0,42.074893951416,40,240.427963256836,,,12.0,72.1283874511719,2.0,12.0213985443115,65,390.695434570313,13.0,78.1390838623047,37,234.6216216216216,798,0.5931145674753959,0.5928815888320864,5
90,Not an NIA or Emerging Neighbourhood,,Toronto C11,4,1708,38,2202,19,3013,6,2850,1,1600,40,2222,45,2749,8,2914,2,1625,39,2031,30,2694,11,2773,5,1485,32,1916,30,2542,10,2938,0.0005344975878532,0.1580264583178446,14,34,194.831237792969,79,452.696105957031,10.0,57.3033065795898,42,240.673889160156,,,5.0,28.6516532897949,1.0,5.73033046722412,62,355.280487060547,3.0,17.1909923553467,51,413.9607843137255,1401,0.6839048581563724,0.6835395079381771,14
91,Not an NIA or Emerging Neighbourhood,,Toronto W04,1,1650,24,2285,41,2675,6,3392,0,0,44,2218,47,2651,9,3015,2,1500,50,2066,24,2467,7,2807,2,1650,43,1929,25,2333,6,2733,0.0002822886398883,0.0679538804246783,3,56,525.032836914063,47,440.652526855469,,,21,196.887298583984,,,5.0,46.8779296875,1.0,9.37558555603027,19,178.136138916016,3.0,28.1267585754395,21,353.42857142857144,657,0.3247031515057711,0.3246115173620429,5
92,Neighbourhood Improvement Area,NIA,Toronto E08,0,0,5,2129,8,2654,1,2700,0,0,12,2279,21,2573,2,2738,1,1625,4,2200,19,2376,4,2788,1,1650,12,1940,25,2335,3,2500,0.000360247253044,0.1074635898005434,9,174,715.254638671875,45,184.979644775391,7.0,28.7746124267578,39,160.315704345703,1.0,4.11065912246704,25.0,102.766471862793,6.0,24.6639537811279,105,431.619201660156,9.0,36.9959297180176,47,414.25531914893617,1381,1.1334395214863933,1.133031350054923,23
93,Emerging Neighbourhood,EN,Toronto E04,0,0,12,2095,15,2545,3,2683,0,0,22,2170,22,2509,2,2725,0,0,17,1903,20,2411,0,0,0,0,13,1890,25,2275,2,2400,0.0006721593846206,0.1066135407245483,12,187,714.094787597656,69,263.489532470703,15.0,57.280330657959,73,278.764282226563,,,30.0,114.560661315918,5.0,19.0934429168701,80,305.495086669922,8.0,30.5495090484619,81,472.9753086419753,2135,2.2710670089158014,2.2695415152875147,19
94,Emerging Neighbourhood,EN,Toronto E05,0,0,26,2362,18,2794,7,2978,3,1813,36,2263,34,2753,5,2850,0,0,32,2183,23,2543,7,2701,0,0,13,1923,28,2459,5,2520,0.0003871363743677,0.0888814115957156,9,99,432.938293457031,31,135.566543579102,3.0,13.1193418502808,17,74.3429412841797,1.0,4.37311410903931,10.0,43.7311401367188,4.0,17.4924564361572,49,214.282592773438,5.0,21.8655700683594,54,269.27777777777777,796,0.8695668315948056,0.8692303209198742,10
95,Emerging Neighbourhood,EN,Toronto W09,0,0,0,0,5,2786,3,3000,0,0,1,2150,14,2482,3,2733,0,0,1,1850,7,2479,0,0,0,0,2,1775,2,2400,5,2409,0.0003130376108027,0.0942702480785674,6,32,288.808654785156,29,261.732849121094,4.0,36.1010818481445,10,90.2527084350586,1.0,9.02527046203613,9.0,81.2274398803711,1.0,9.02527046203613,18,162.454879760742,1.0,9.02527046203613,59,245.59322033898303,652,0.9261362043925534,0.9258463796538962,8
96,Not an NIA or Emerging Neighbourhood,,Toronto C15,11,2018,284,2463,137,3005,13,4112,17,2000,433,2380,209,3042,20,3788,7,1793,345,2189,151,2789,8,3306,12,1681,380,2054,181,2610,16,3099,0.0002900277853394,0.0970535110279734,7,90,401.803649902344,32,142.863525390625,7.0,31.2513942718506,36,160.721466064453,,,10.0,44.6448516845703,2.0,8.92897033691406,83,370.55224609375,10.0,44.6448516845703,35,265.51428571428573,781,1.1982062965908955,1.1978588842315523,15
97,Not an NIA or Emerging Neighbourhood,,Toronto W10,0,0,15,2324,13,2682,6,2906,0,0,24,2286,12,2635,3,2617,0,0,24,2009,18,2453,2,2725,0,0,24,1907,22,2337,0,0,0.0033683945179011,0.2836666140012758,21,264,733.679809570313,781,2170.46948242188,6.0,16.6745414733887,136,377.956268310547,1.0,2.77909016609192,70.0,194.536315917969,5.0,13.895450592041,464,1289.49780273438,61.0,169.524490356445,312,289.09615384615387,1499,7.250889413112757,7.226547549962113,22
98,Not an NIA or Emerging Neighbourhood,,Toronto W08,2,1888,103,2391,88,2935,5,2941,0,0,130,2303,130,2864,7,3436,1,1650,127,2131,111,2716,5,3030,1,1650,124,2060,78,2528,7,3264,0.0002944693575888,0.0914629976740406,9,21,221.752899169922,68,718.057006835938,6.0,63.3579711914063,13,137.275604248047,,,8.0,84.477294921875,,,22,232.312561035156,4.0,42.2386474609375,31,429.4516129032258,1279,2.1405712992383856,2.1399411521420366,12
99,Not an NIA or Emerging Neighbourhood,,Toronto W08,2,1888,103,2391,88,2935,5,2941,0,0,130,2303,130,2864,7,3436,1,1650,127,2131,111,2716,5,3030,1,1650,124,2060,78,2528,7,3264,0.000615382389398,0.1176128171114768,21,32,192.249923706055,76,456.593566894531,2.0,12.0156202316284,30,180.234298706055,,,6.0,36.0468597412109,2.0,12.0156202316284,39,234.304595947266,9.0,54.0702896118164,58,274.1896551724138,498,1.1891630990284576,1.1884317590529352,9
100,Neighbourhood Improvement Area,NIA,Toronto W05,3,1888,33,2314,17,2614,3,2933,0,0,73,2313,45,2652,3,3467,2,1600,98,2137,61,2507,0,0,7,1557,24,2022,12,2386,2,2775,0.0009258018046392,0.1535081470294786,14,141,714.394287109375,128,648.528137207031,4.0,20.2665042877197,32,162.132034301758,,,26.0,131.732284545898,3.0,15.199878692627,64,324.264068603516,15.0,75.9993896484375,90,513.1222222222223,1428,4.534730599679478,4.530536221070029,24
101,Neighbourhood Improvement Area,NIA,Toronto W05,3,1888,33,2314,17,2614,3,2933,0,0,73,2313,45,2652,3,3467,2,1600,98,2137,61,2507,0,0,7,1557,24,2022,12,2386,2,2775,0.0014812756594147,0.1994569645788375,16,345,1128.18835449219,235,768.476135253906,35.0,114.453887939453,128,418.57421875,3.0,9.81033325195313,51.0,166.775665283203,14.0,45.7815551757813,215,703.073913574219,59.0,192.936553955078,211,357.4834123222749,2079,6.302903617396416,6.293581088918847,24
102,Not an NIA or Emerging Neighbourhood,,Toronto C10,11,2030,203,2446,126,3135,6,3492,20,1962,260,2381,117,3429,1,3900,29,1761,319,2164,146,2934,4,3950,16,1694,218,2066,119,2789,2,2473,0.0001054805802829,0.0413270693015609,6,122,479.239501953125,10,39.281925201416,16.0,62.8510818481445,24,94.2766265869141,,,15.0,58.9228897094727,1.0,3.92819261550903,42,164.984085083008,3.0,11.7845783233643,23,492.0,1689,0.5000416201708425,0.499988881053534,12
103,Not an NIA or Emerging Neighbourhood,,Toronto C08,103,2151,657,2523,312,3419,17,4221,172,2131,1159,2533,287,3456,57,4461,193,1820,1208,2245,682,3059,63,3779,100,1728,943,2134,430,2980,31,3504,0.0001248617999899,0.048791511421289,4,441,3017.654296875,29,198.439849853516,229.0,1566.99060058594,123,841.65869140625,1.0,6.84275341033936,55.0,376.351440429688,1.0,6.84275341033936,107,732.174621582031,51.0,348.980438232422,63,519.3492063492064,1259,1.8217005984175545,1.8214731659994143,17
104,Not an NIA or Emerging Neighbourhood,,Toronto C04,1,1950,15,2456,10,2982,5,3157,2,1700,30,2242,17,3775,2,5600,2,1548,29,2174,25,3193,2,4700,4,1692,16,2181,36,2646,2,5460,0.000255906843336,0.0721961136646589,8,35,224.043014526367,84,537.703247070313,13.0,83.2159805297852,29,185.635635375977,,,6.0,38.4073753356934,1.0,6.40122890472412,28,179.234405517578,3.0,19.2036876678467,38,325.7105263157895,896,0.7858746047269104,0.7856735454899914,8
105,Neighbourhood Improvement Area,NIA,Toronto E09,0,2093,89,2419,54,2881,3,3483,10,2130,117,2434,94,2980,8,3519,4,1913,110,2140,72,2710,12,3158,3,1692,75,2063,39,2581,5,2790,0.0007043960691083,0.1413979970209783,13,190,674.859680175781,107,380.052581787109,9.0,31.9670391082764,35,124.316261291504,2.0,7.10378646850586,26.0,92.3492202758789,7.0,24.8632526397705,104,369.396881103516,12.0,42.6227188110352,91,412.38461538461536,1133,1.6237402918812738,1.622597340692744,20
106,Neighbourhood Improvement Area,NIA,Toronto W05,3,1888,33,2314,17,2614,3,2933,0,0,73,2313,45,2652,3,3467,2,1600,98,2137,61,2507,0,0,7,1557,24,2022,12,2386,2,2775,0.0004942819285601,0.1384125588290489,11,109,596.965881347656,105,575.058898925781,,,35,191.686294555664,,,37.0,202.639801025391,2.0,10.9535026550293,45,246.453796386719,9.0,49.2907600402832,47,388.9787234042553,1038,1.425208708027071,1.4245046011455738,13
107,Not an NIA or Emerging Neighbourhood,,Toronto C08,103,2151,657,2523,312,3419,17,4221,172,2131,1159,2533,287,3456,57,4461,193,1820,1208,2245,682,3059,63,3779,100,1728,943,2134,430,2980,31,3504,6.208991766284055e-05,0.0324315468879437,7,388,1563.57043457031,16,64.4771270751953,88.0,354.624206542969,73,294.176910400391,,,42.0,169.252471923828,1.0,4.02982044219971,53,213.580490112305,19.0,76.5665893554688,20,421.3,848,0.7827564387301471,0.7827078404647786,6
108,Neighbourhood Improvement Area,NIA,Toronto W05,3,1888,33,2314,17,2614,3,2933,0,0,73,2313,45,2652,3,3467,2,1600,98,2137,61,2507,0,0,7,1557,24,2022,12,2386,2,2775,0.0008908211581643,0.1433078326520507,11,140,1068.37609863281,176,1343.10131835938,3.0,22.8937721252441,55,419.719177246094,,,33.0,251.831497192383,7.0,53.4188041687012,85,648.656921386719,23.0,175.518920898438,103,222.23300970873785,964,1.569340408616109,1.567943651236778,10
109,Not an NIA or Emerging Neighbourhood,,Toronto C04,1,1950,15,2456,10,2982,5,3157,2,1700,30,2242,17,3775,2,5600,2,1548,29,2174,25,3193,2,4700,4,1692,16,2181,36,2646,2,5460,0.0001755700875175,0.0647016831545673,8,52,401.079833984375,39,300.809875488281,2.0,15.4261474609375,14,107.983032226563,,,9.0,69.4176635742188,,,11,84.8438110351563,6.0,46.2784423828125,36,487.6666666666667,1500,0.5269216025710679,0.5268291071386207,11
110,Not an NIA or Emerging Neighbourhood,,Toronto E03,1,1495,27,1816,5,2283,0,0,6,1620,18,1779,9,2664,2,3125,3,1532,15,1812,8,2200,0,0,2,1523,9,1776,7,2143,2,2388,0.0001250281593876,0.0734182232067843,3,129,1319.55810546875,24,245.499176025391,32.0,327.332244873047,58,593.289672851563,,,24.0,245.499176025391,2.0,20.4582653045654,41,419.394439697266,3.0,30.6873970031738,33,413.9090909090909,850,2.016295369582089,2.016043307398119,10
111,Not an NIA or Emerging Neighbourhood,,Toronto E02,0,0,12,2361,10,3259,2,5725,2,1700,23,2215,16,3178,1,5750,4,1662,10,2309,12,3016,0,0,2,1675,17,2116,10,2690,0,0,0.0004014228830305,0.126145264344668,13,117,517.447265625,54,238.821807861328,21.0,92.8751525878906,43,190.172927856445,,,20.0,88.452522277832,,,50,221.131301879883,8.0,35.3810081481934,56,395.1785714285714,1291,0.639338608333014,0.6390820661675198,14
112,Neighbourhood Improvement Area,NIA,Toronto E04,0,0,12,2095,15,2545,3,2683,0,0,22,2170,22,2509,2,2725,0,0,17,1903,20,2411,0,0,0,0,13,1890,25,2275,2,2400,0.0002182469156739,0.0641094502904247,6,85,607.012756347656,11,78.5545959472656,3.0,21.4239807128906,12,85.6959228515625,,,8.0,57.130615234375,2.0,14.2826538085938,43,307.077056884766,2.0,14.2826538085938,24,472.1666666666667,1775,1.623571127793048,1.623216865718635,27
113,Not an NIA or Emerging Neighbourhood,,Toronto E06,0,0,1,2500,0,0,0,0,0,0,8,1905,13,2815,0,0,0,0,6,2125,7,2557,0,0,0,0,1,1900,8,2266,1,2950,0.000671094524794,0.1505593080425412,20,159,651.292358398438,46,188.424194335938,6.0,24.5770702362061,31,126.98152923584,1.0,4.09617805480957,15.0,61.4426727294922,,,69,282.636291503906,6.0,24.5770702362061,101,282.6930693069307,790,1.2910227893335542,1.2901569720534842,13
114,Emerging Neighbourhood,EN,Toronto E11,0,0,9,2139,7,2546,2,2950,0,0,6,2233,18,2530,1,3000,0,0,10,2010,10,2445,0,0,0,0,8,1956,13,2288,1,2250,0.000450864887535,0.0981809067084902,13,84,454.619262695313,55,297.667358398438,3.0,16.2364025115967,8,43.2970733642578,,,15.0,81.1820068359375,2.0,10.8242683410645,32,173.188293457031,3.0,16.2364025115967,74,278.0810810810811,766,1.188872217869281,1.1883364386944952,11
115,Not an NIA or Emerging Neighbourhood,,Toronto E07,0,0,40,2305,35,2663,3,2817,0,0,48,2315,72,2681,3,2675,0,0,64,2005,49,2506,2,2500,0,0,44,1934,27,2381,0,0,0.0008806315876002,0.1661700776506951,15,175,652.619812011719,82,305.798980712891,6.0,22.3755359649658,53,197.650573730469,,,33.0,123.065444946289,3.0,11.1877679824829,83,309.528259277344,10.0,37.2925605773926,119,348.3193277310924,1117,1.972778513732775,1.9710427512255355,19
116,Not an NIA or Emerging Neighbourhood,,Toronto W08,2,1888,103,2391,88,2935,5,2941,0,0,130,2303,130,2864,7,3436,1,1650,127,2131,111,2716,5,3030,1,1650,124,2060,78,2528,7,3264,0.0011307202832301,0.1850072479554192,10,206,774.581665039063,189,710.659912109375,14.0,52.6414756774902,86,323.369049072266,1.0,3.76010537147522,43.0,161.684524536133,2.0,7.52021074295044,188,706.899780273438,44.0,165.444625854492,144,344.2986111111111,1203,3.700078317373128,3.695899289082187,23
117,Not an NIA or Emerging Neighbourhood,,Toronto C02,14,2123,97,2626,63,4682,6,17440,14,2186,204,2743,98,4026,12,4889,14,1816,200,2435,110,3789,13,5461,12,1815,123,2513,104,4340,14,4563,0.0001296969536584,0.0593444688391867,4,45,317.572326660156,32,225.829223632813,19.0,134.086090087891,26,183.486236572266,,,7.0,49.4001426696777,,,21,148.200424194336,1.0,7.05716323852539,18,287.1666666666667,554,0.4198617574620498,0.4198073097328539,5
118,Not an NIA or Emerging Neighbourhood,,Toronto W08,2,1888,103,2391,88,2935,5,2941,0,0,130,2303,130,2864,7,3436,1,1650,127,2131,111,2716,5,3030,1,1650,124,2060,78,2528,7,3264,0.0005773499494451,0.1152472525523295,10,28,234.074569702148,62,518.307983398438,1.0,8.35980606079102,13,108.677474975586,,,2.0,16.719612121582,1.0,8.35980606079102,27,225.714767456055,2.0,16.719612121582,60,270.7333333333333,547,0.8652431686091757,0.8647439087571717,8
119,Not an NIA or Emerging Neighbourhood,,Toronto W03,1,1500,2,2025,2,2723,1,3150,3,1508,8,2073,5,3010,0,0,3,1417,7,1878,2,2200,0,0,2,1428,6,1762,3,2375,1,2800,0.0001724966146298,0.0531039842919805,6,59,559.772277832031,25,237.191650390625,2.0,18.9753322601318,6,56.9259948730469,,,4.0,37.9506645202637,,,23,218.216323852539,2.0,18.9753322601318,32,330.21875,804,0.5343712383525294,0.5342790770204758,7
120,Not an NIA or Emerging Neighbourhood,,Toronto W03,1,1500,2,2025,2,2723,1,3150,3,1508,8,2073,5,3010,0,0,3,1417,7,1878,2,2200,0,0,2,1428,6,1762,3,2375,1,2800,0.000210965069485,0.0673014616896674,4,111,799.4814453125,38,273.696350097656,9.0,64.8228149414063,24,172.86083984375,,,10.0,72.0253524780273,3.0,21.6076049804688,21,151.253234863281,3.0,21.6076049804688,45,454.8666666666667,807,0.6285268125890987,0.6283942433538856,6
121,Not an NIA or Emerging Neighbourhood,,Toronto E08,0,0,5,2129,8,2654,1,2700,0,0,12,2279,21,2573,2,2738,1,1625,4,2200,19,2376,4,2788,1,1650,12,1940,25,2335,3,2500,0.0008034116103885,0.2083606592930963,20,135,785.431701660156,43,250.174545288086,3.0,17.4540386199951,21,122.178260803223,,,14.0,81.4521789550781,4.0,23.2720508575439,78,453.804992675781,5.0,29.0900630950928,63,385.26984126984127,961,1.054367536343866,1.0535211252400585,13
122,Not an NIA or Emerging Neighbourhood,,Toronto E05,0,0,26,2362,18,2794,7,2978,3,1813,36,2263,34,2753,5,2850,0,0,32,2183,23,2543,7,2701,0,0,13,1923,28,2459,5,2520,0.0006063867905802,0.1180393515705547,14,114,386.689727783203,78,264.577178955078,9.0,30.5281372070313,35,118.72053527832,1.0,3.39201521873474,32.0,108.544486999512,1.0,3.39201521873474,100,339.201507568359,5.0,16.960075378418,63,341.87301587301585,786,1.3867120241934314,1.3858716499314736,14
123,Not an NIA or Emerging Neighbourhood,,Toronto W02,3,1867,42,2383,13,3264,6,3486,3,1825,82,2277,61,2945,1,4300,2,1613,69,2176,29,2796,0,0,0,0,30,2092,22,2957,1,3750,0.0001778920493022,0.0718333275600763,5,43,398.406372070313,30,277.957946777344,6.0,55.5915870666504,22,203.835815429688,1.0,9.2652645111084,13.0,120.448440551758,,,19,176.040023803711,,,43,407.7441860465116,973,1.0855039267777684,1.085310858605001,9
124,Emerging Neighbourhood,EN,Toronto C04,1,1950,15,2456,10,2982,5,3157,2,1700,30,2242,17,3775,2,5600,2,1548,29,2174,25,3193,2,4700,4,1692,16,2181,36,2646,2,5460,0.0003886381079044,0.0828809126974932,13,86,373.490844726563,61,264.917907714844,7.0,30.4004173278809,15,65.1437530517578,,,5.0,21.7145843505859,3.0,13.0287504196167,51,221.488754272461,3.0,13.0287504196167,73,211.57534246575344,527,1.0093830603270555,1.008990928001904,7
125,Not an NIA or Emerging Neighbourhood,,Toronto W06,2,1853,204,2521,139,3194,2,6167,5,1525,257,2458,193,23232,3,5467,3,1633,315,2286,210,3178,6,4600,1,1650,246,2183,138,3104,4,4913,0.0002522214841995,0.0843694156811464,15,90,743.37158203125,34,280.829284667969,30.0,247.79052734375,33,272.569580078125,,,7.0,57.8177909851074,,,30,247.79052734375,5.0,41.2984237670898,19,392.0,994,0.4168174573835922,0.4167123535752892,7
126,Emerging Neighbourhood,EN,Toronto E11,0,0,9,2139,7,2546,2,2950,0,0,6,2233,18,2530,1,3000,0,0,10,2010,10,2445,0,0,0,0,8,1956,13,2288,1,2250,0.0005406133489602,0.1314908355218697,11,129,464.229156494141,45,161.940399169922,1.0,3.59867572784424,16,57.5788116455078,1.0,3.59867572784424,17.0,61.1774864196777,5.0,17.9933776855469,72,259.104644775391,8.0,28.7894058227539,103,261.71844660194176,678,1.5769006675952917,1.5760486346647813,12
127,Not an NIA or Emerging Neighbourhood,,Toronto W02,3,1867,42,2383,13,3264,6,3486,3,1825,82,2277,61,2945,1,4300,2,1613,69,2176,29,2796,0,0,0,0,30,2092,22,2957,1,3750,0.0001989340866754,0.0884667843041833,10,54,646.706604003906,24,287.425140380859,6.0,71.8562850952148,11,131.736526489258,,,1.0,11.9760475158691,1.0,11.9760475158691,6,71.8562850952148,1.0,11.9760475158691,22,236.5909090909091,759,0.516041835919717,0.5159391980265775,8
128,Not an NIA or Emerging Neighbourhood,,Toronto E04,0,0,12,2095,15,2545,3,2683,0,0,22,2170,22,2509,2,2725,0,0,17,1903,20,2411,0,0,0,0,13,1890,25,2275,2,2400,0.0008264688537409,0.1704806279495552,15,252,861.626831054688,72,246.179092407227,5.0,17.0957698822021,77,263.274871826172,1.0,3.41915416717529,18.0,61.5447731018066,4.0,13.6766166687012,116,396.621887207031,15.0,51.2873115539551,123,363.1219512195122,1429,2.8444104327381736,2.842061557380584,24
129,Not an NIA or Emerging Neighbourhood,,Toronto C01,139,2122,1247,2662,535,3751,51,4825,295,2107,2216,2637,1076,3617,136,4969,282,1878,2347,2373,1126,3305,127,4471,164,1763,1796,2227,728,3197,67,4612,0.0001930381314748,0.0586769350320708,9,142,852.1875,29,174.038284301758,32.0,192.042251586914,69,414.091094970703,,,31.0,186.040924072266,1.0,6.00132036209106,37,222.048843383789,9.0,54.0118827819824,34,502.0882352941176,540,0.6719040572749199,0.6717743792039857,7
130,Not an NIA or Emerging Neighbourhood,,Toronto W04,1,1650,24,2285,41,2675,6,3392,0,0,44,2218,47,2651,9,3015,2,1500,50,2066,24,2467,7,2807,2,1650,43,1929,25,2333,6,2733,0.0002041554585887,0.0714810144871526,3,101,643.189208984375,54,343.883331298828,5.0,31.8410491943359,26,165.573455810547,1.0,6.36820983886719,15.0,95.5231475830078,8.0,50.9456787109375,43,273.833038330078,7.0,44.5774688720703,36,375.52777777777777,807,0.3741147387326271,0.3740383767562906,6
131,Not an NIA or Emerging Neighbourhood,,Toronto C15,11,2018,284,2463,137,3005,13,4112,17,2000,433,2380,209,3042,20,3788,7,1793,345,2189,151,2789,8,3306,12,1681,380,2054,181,2610,16,3099,0.0003319235215373,0.0798424787398076,11,33,204.207916259766,28,173.267333984375,2.0,12.3762378692627,15,92.8217849731445,,,11.0,68.0693054199219,,,52,321.782165527344,4.0,24.7524757385254,31,354.2903225806452,890,0.434605255476439,0.434461047635537,7
132,Not an NIA or Emerging Neighbourhood,,Toronto W04,1,1650,24,2285,41,2675,6,3392,0,0,44,2218,47,2651,9,3015,2,1500,50,2066,24,2467,7,2807,2,1650,43,1929,25,2333,6,2733,0.0004778119121644,0.1483471447907159,12,80,665.004150390625,94,781.3798828125,5.0,41.5627593994141,32,266.001647949219,1.0,8.31255149841309,7.0,58.1878623962402,3.0,24.9376564025879,42,349.127197265625,9.0,74.8129653930664,45,435.4666666666666,1265,1.1496978820633834,1.1491488050754688,15
133,Not an NIA or Emerging Neighbourhood,,Toronto C02,14,2123,97,2626,63,4682,6,17440,14,2186,204,2743,98,4026,12,4889,14,1816,200,2435,110,3789,13,5461,12,1815,123,2513,104,4340,14,4563,0.0003115262686971,0.0855317107352132,25,387,1163.31494140625,69,207.412750244141,82.0,246.490509033203,139,417.831481933594,,,44.0,132.263198852539,2.0,6.01196384429932,113,339.675964355469,38.0,114.227310180664,94,306.5531914893617,1418,3.1920885481949277,3.191094438451456,12
134,Neighbourhood Improvement Area,NIA,Toronto E09,0,2093,89,2419,54,2881,3,3483,10,2130,117,2434,94,2980,8,3519,4,1913,110,2140,72,2710,12,3158,3,1692,75,2063,39,2581,5,2790,0.0006747001091344,0.1438042235831419,17,194,665.089660644531,75,257.122283935547,2.0,6.85659456253052,29,99.4206161499023,1.0,3.42829728126526,15.0,51.4244575500488,7.0,23.9980792999268,105,359.97119140625,7.0,23.9980792999268,58,390.44827586206895,1101,1.656762758979881,1.6556456946490132,14
135,Neighbourhood Improvement Area,NIA,Toronto W04,1,1650,24,2285,41,2675,6,3392,0,0,44,2218,47,2651,9,3015,2,1500,50,2066,24,2467,7,2807,2,1650,43,1929,25,2333,6,2733,0.000204793016124,0.0747154351304867,7,71,1014.72058105469,21,300.128631591797,,,13,185.793914794922,,,2.0,28.5836791992188,2.0,28.5836791992188,25,357.295989990234,2.0,28.5836791992188,33,406.030303030303,1039,0.4539739916661548,0.4538810399990119,10
136,Not an NIA or Emerging Neighbourhood,,Toronto E08,0,0,5,2129,8,2654,1,2700,0,0,12,2279,21,2573,2,2738,1,1625,4,2200,19,2376,4,2788,1,1650,12,1940,25,2335,3,2500,0.0004254265106418,0.1077890936128274,12,37,359.432678222656,9,87.429573059082,2.0,19.4287929534912,6,58.2863807678223,,,6.0,58.2863807678223,1.0,9.71439647674561,52,505.148620605469,2.0,19.4287929534912,27,461.8148148148149,1182,0.7912133672450581,0.7908769072420629,8
137,Not an NIA or Emerging Neighbourhood,,Toronto C03,2,1275,44,2422,25,3257,1,3950,2,2050,66,2330,46,3090,5,5130,1,1650,49,2157,31,2847,2,3145,2,1655,41,1975,36,2797,3,4800,0.0002769750336831,0.0762854073746173,13,31,263.202575683594,82,696.213256835938,7.0,59.4328422546387,26,220.750549316406,,,,,,,28,237.731369018555,10.0,84.9040603637695,35,296.22857142857146,848,0.904984474148804,0.9047338854504072,11
138,Not an NIA or Emerging Neighbourhood,,Toronto E07,0,0,40,2305,35,2663,3,2817,0,0,48,2315,72,2681,3,2675,0,0,64,2005,49,2506,2,2500,0,0,44,1934,27,2381,0,0,0.0010607190400172,0.1833823916652542,8,66,255.338897705078,107,413.958526611328,1.0,3.86877131462097,63,243.73258972168,1.0,3.86877131462097,33.0,127.669448852539,4.0,15.4750852584839,83,321.108001708984,12.0,46.4252548217773,150,292.05333333333334,1123,1.624374489178285,1.6226533099171088,15
139,Not an NIA or Emerging Neighbourhood,,Toronto C14,5,2130,261,2514,204,3124,19,3804,8,2029,360,2420,256,3076,22,3759,8,1828,273,2237,228,2890,11,3529,5,1768,229,2081,174,2716,7,3150,0.0001153530507605,0.058772645347905,6,36,239.616607666016,19,126.464324951172,27.0,179.712463378906,8,53.2481346130371,1.0,6.65601682662964,1.0,6.65601682662964,,,40,266.240692138672,9.0,59.9041519165039,8,328.0,656,0.4277396255801307,0.4276902902003754,7
140,Emerging Neighbourhood,EN,Toronto E05,0,0,26,2362,18,2794,7,2978,3,1813,36,2263,34,2753,5,2850,0,0,32,2183,23,2543,7,2701,0,0,13,1923,28,2459,5,2520,0.0005103956869225,0.1001889754160143,10,44,179.914947509766,41,167.648025512695,1.0,4.08897590637207,33,134.936218261719,,,7.0,28.6228332519531,,,41,167.648025512695,4.0,16.3559036254883,80,243.975,620,0.9118404204899474,0.9113752584888468,12
141,Neighbourhood Improvement Area,NIA,Toronto W05,3,1888,33,2314,17,2614,3,2933,0,0,73,2313,45,2652,3,3467,2,1600,98,2137,61,2507,0,0,7,1557,24,2022,12,2386,2,2775,0.0003862254480184,0.0918097570048381,13,243,1085.98498535156,76,339.649627685547,3.0,13.4072217941284,33,147.479446411133,1.0,4.46907377243042,19.0,84.9124069213867,11.0,49.1598129272461,42,187.701110839844,8.0,35.7525901794434,81,254.98765432098764,794,0.8783610529025013,0.8780219384859396,8
142,Not an NIA or Emerging Neighbourhood,,Toronto W07,0,0,10,2595,11,3127,0,0,0,0,6,2350,2,2513,0,0,0,0,10,2168,5,2680,1,3500,0,0,6,2108,8,2541,0,0,0.0008866519812121,0.1301029807275245,23,102,373.996246337891,142,520.661437988281,10.0,36.6663017272949,44,161.331726074219,,,7.0,25.666410446167,,,105,384.996154785156,9.0,32.9996681213379,106,315.0188679245283,904,2.049892381853734,2.048076450810948,17
143,Not an NIA or Emerging Neighbourhood,,Toronto E03,1,1495,27,1816,5,2283,0,0,6,1620,18,1779,9,2664,2,3125,3,1532,15,1812,8,2200,0,0,2,1523,9,1776,7,2143,2,2388,0.0001336026983397,0.051209942084141,7,41,492.729248046875,22,264.391296386719,1.0,12.017786026001,6,72.1067199707031,,,5.0,60.0889320373535,,,15,180.266799926758,1.0,12.017786026001,34,268.8235294117647,850,0.6521101511285368,0.6520230390911345,9
144,Not an NIA or Emerging Neighbourhood,,Toronto W05,3,1888,33,2314,17,2614,3,2933,0,0,73,2313,45,2652,3,3467,2,1600,98,2137,61,2507,0,0,7,1557,24,2022,12,2386,2,2775,0.0002610419043461,0.1111449915404055,13,164,730.252014160156,16,71.2441024780273,32.0,142.488204956055,28,124.677177429199,,,10.0,44.5275611877441,4.0,17.8110256195068,30,133.58268737793,15.0,66.7913436889648,33,489.5151515151515,1145,0.758611961421884,0.7584139835913245,10
145,Not an NIA or Emerging Neighbourhood,,Toronto W10,0,0,15,2324,13,2682,6,2906,0,0,24,2286,12,2635,3,2617,0,0,24,2009,18,2453,2,2725,0,0,24,1907,22,2337,0,0,0.000280008947374,0.0722156771194055,4,59,537.58544921875,58,528.473815917969,1.0,9.11161708831787,21,191.343963623047,2.0,18.2232341766357,13.0,118.451026916504,1.0,9.11161708831787,52,473.804107666016,9.0,82.0045547485352,35,366.7142857142857,593,0.8948429664301223,0.8945924725335594,6
146,Neighbourhood Improvement Area,NIA,Toronto W10,0,0,15,2324,13,2682,6,2906,0,0,24,2286,12,2635,3,2617,0,0,24,2009,18,2453,2,2725,0,0,24,1907,22,2337,0,0,0.0003275361857011,0.0983239692230871,6,64,650.935729980469,60,610.252258300781,2.0,20.3417415618896,9,91.5378341674805,1.0,10.1708707809448,15.0,152.563064575195,6.0,61.0252227783203,31,315.296997070313,,,29,388.0344827586207,837,0.9921898128698774,0.9918649412103028,8
147,Not an NIA or Emerging Neighbourhood,,Toronto E02,0,0,12,2361,10,3259,2,5725,2,1700,23,2215,16,3178,1,5750,4,1662,10,2309,12,3016,0,0,2,1675,17,2116,10,2690,0,0,0.0001781568097704,0.0546043605062636,13,109,843.849182128906,18,139.35124206543,14.0,108.384300231934,23,178.059921264648,1.0,7.74173593521118,8.0,61.9338874816895,1.0,7.74173593521118,24,185.801651000977,5.0,38.7086791992188,29,383.2068965517241,857,0.5635191837416431,0.563418806844451,7
148,Not an NIA or Emerging Neighbourhood,,Toronto C04,1,1950,15,2456,10,2982,5,3157,2,1700,30,2242,17,3775,2,5600,2,1548,29,2174,25,3193,2,4700,4,1692,16,2181,36,2646,2,5460,0.0003622736331053,0.1068718229709608,11,31,194.332992553711,101,633.149475097656,7.0,43.8816452026367,35,219.408218383789,,,8.0,50.1504516601563,,,40,250.752258300781,5.0,31.3440322875977,40,281.15,603,1.1668617221110422,1.1664391519616648,11
149,Not an NIA or Emerging Neighbourhood,,Toronto C08,103,2151,657,2523,312,3419,17,4221,172,2131,1159,2533,287,3456,57,4461,193,1820,1208,2245,682,3059,63,3779,100,1728,943,2134,430,2980,31,3504,0.0001582919168619,0.0630090923664356,8,134,1118.53088378906,18,150.250411987305,36.0,300.500823974609,65,542.570922851563,,,22.0,183.639404296875,,,51,425.709503173828,9.0,75.1252059936523,24,379.4166666666667,665,0.6550415812625167,0.6549379098853354,8
150,Not an NIA or Emerging Neighbourhood,,Toronto E10,0,0,5,2150,3,2500,1,2950,0,0,8,2141,5,2980,1,3200,0,0,5,1965,4,2199,0,0,0,0,12,1850,5,2110,0,0,0.0006115584354192,0.1268791119673242,16,39,274.860809326172,26,183.240539550781,,,21,148.001968383789,,,,,,,59,415.815063476563,4.0,28.1908512115479,41,291.2682926829268,849,0.6701504849006276,0.669740899204174,11
151,Neighbourhood Improvement Area,NIA,Toronto C08,103,2151,657,2523,312,3419,17,4221,172,2131,1159,2533,287,3456,57,4461,193,1820,1208,2245,682,3059,63,3779,100,1728,943,2134,430,2980,31,3504,7.258549084991231e-05,0.0352233295020758,8,126,869.745300292969,11,75.9301452636719,15.0,103.541107177734,25,172.568511962891,,,12.0,82.8328857421875,4.0,27.6109619140625,27,186.373992919922,5.0,34.5137023925781,19,540.421052631579,995,0.4624249349616542,0.4623913720569487,9
152,Neighbourhood Improvement Area,NIA,Toronto W01,0,0,90,2510,76,3012,9,4029,1,2100,71,2469,31,3240,1,3700,1,2000,40,2364,19,2972,6,3950,1,2300,58,2266,19,3099,1,3150,0.00025519598095,0.1255423635053433,19,260,1096.72253417969,32,134.981231689453,28.0,118.108573913574,61,257.307952880859,1.0,4.21816349029541,7.0,29.5271434783936,2.0,8.43632698059082,55,231.998992919922,10.0,42.1816329956055,41,583.2439024390244,2395,0.972589444525214,0.9723413069315736,12
153,Not an NIA or Emerging Neighbourhood,,Toronto C01,139,2122,1247,2662,535,3751,51,4825,295,2107,2216,2637,1076,3617,136,4969,282,1878,2347,2373,1126,3305,127,4471,164,1763,1796,2227,728,3197,67,4612,0.0001006298460499,0.0493247428298537,6,106,727.572265625,22,151.005554199219,27.0,185.325012207031,36,247.100006103516,,,6.0,41.1833343505859,,,37,253.963897705078,6.0,41.1833343505859,28,588.4285714285714,1349,0.7029487681358805,0.7028780376271622,8
154,Not an NIA or Emerging Neighbourhood,,Toronto E03,1,1495,27,1816,5,2283,0,0,6,1620,18,1779,9,2664,2,3125,3,1532,15,1812,8,2200,0,0,2,1523,9,1776,7,2143,2,2388,0.0002444127209737,0.0861961326287176,6,69,386.79296875,51,285.890472412109,13.0,72.8740386962891,26,145.748077392578,,,5.0,28.0284767150879,,,49,274.679077148438,3.0,16.8170852661133,61,241.4754098360656,444,0.6772857296820145,0.6771202328834691,9
155,Not an NIA or Emerging Neighbourhood,,Toronto W08,2,1888,103,2391,88,2935,5,2941,0,0,130,2303,130,2864,7,3436,1,1650,127,2131,111,2716,5,3030,1,1650,124,2060,78,2528,7,3264,0.0003296159732038,0.0845111506103615,8,35,317.950592041016,31,281.613372802734,1.0,9.08430194854736,12,109.011627197266,,,11.0,99.9273223876953,,,40,363.372100830078,4.0,36.3372077941895,28,172.21428571428572,274,0.2531042543038059,0.2530208545885798,7
156,Not an NIA or Emerging Neighbourhood,,Toronto W04,1,1650,24,2285,41,2675,6,3392,0,0,44,2218,47,2651,9,3015,2,1500,50,2066,24,2467,7,2807,2,1650,43,1929,25,2333,6,2733,0.0003917860440998,0.1031425688955042,11,145,780.241088867188,67,360.525177001953,4.0,21.5238914489746,20,107.61946105957,2.0,10.7619457244873,12.0,64.5716781616211,5.0,26.9048652648926,49,263.667663574219,8.0,43.0477828979492,63,317.95238095238096,820,1.77125685903646,1.7705631770934778,16
157,Not an NIA or Emerging Neighbourhood,,Toronto C01,139,2122,1247,2662,535,3751,51,4825,295,2107,2216,2637,1076,3617,136,4969,282,1878,2347,2373,1126,3305,127,4471,164,1763,1796,2227,728,3197,67,4612,0.0001712836589119,0.0551454453486764,12,409,1966.34619140625,41,197.115386962891,92.0,442.307678222656,105,504.807678222656,1.0,4.807692527771,50.0,240.384613037109,4.0,19.230770111084,97,466.346160888672,20.0,96.1538467407227,36,646.9722222222222,1145,1.2186803957180512,1.2184716914284628,9
